20260408,11:29:14,"This is a test comment","2026-05-01 11:29:14"
20260401,11:30:08,"One more comment for good measure.  This wll be grat & and good","2026-05-01 11:30:08"
20250514,10:48,"Important discussion how to determine if a zone should be an execution zone .  Important to consider context (are we over extended in the overnight?).  Take it step by step on each zone.  What do we need to see at the most aggressive zone to go long?  Insane NQ higher, tick, etc. -- we would take this normally.  The next zone below, we take it on first test when its extended going into it (or consider back of zone entry).  The following zone we should always take (unless liquation mode) and might need to risk 2R to get filled.  Step by Step process.

I need to move away from a predication mindset (making money focus) because my mind will only focus on the supporting info and not the unbiased market generated info.","2026-05-01 14:59:53"
20250514,25:44,"This not a game of perfect but rather good enough.  Targets, risk reward are all determined by overall market structure, context, intraday path, etc.","2026-05-01 15:09:36"
20250514,34:40,"It's rare that you have two losses on a day if you are objective and following the process -- not trying to predict and be emotional.","2026-05-01 15:14:10"
20250514,03:45,"Too simplistic approach for taking the trades.  You need to consider the context.  On Monday, there was a huge gap up from Friday's close.  You can consider that most of the range has already been used up, and continued upside is limited (under typical circumstances).  Also, it was first test of the zone above in the premarket, so Aggressive support is not an area of interest for execution.  Going into Tuesday's session, much tighter overnight range, and third attempt to pierce the zone above.  More conducive for a long at aggressive support.","2026-05-01 15:29:04"
20190116,24:20,"Location based versus momentum base trades give discussion of the distinction here the student was talking about momentum trade, but really in that child. It was a location base tree that he missed. Explain a distinction and not confusing what type of trade you’re taking location based trades in the direction of the day, buyers are likely to succeed unless you’re seeing excessive , weakness or strengthen the Tich against. ","2026-05-03 05:08:00"
20190116,51:18,"Trading is a game of probabilities.  No one has 100% win rate. Gaining more knowledge will not change the probabilistic nature of trading.  Listen again, as this point is well articulated. ","2026-05-03 05:30:26"
